{"cameraMode":{"drawMode":0,"name":"Shaded","section":"Shading Mode"},"sceneLighting":true,"audioPlay":false,"sceneViewState":{"showFog":false,"showMaterialUpdate":false,"showSkybox":false,"showFlares":false,"showImageEffects":false,"showParticleSystems":false},"in2DMode":false,"pivot":{"x":70.40644836425781,"y":102.22088623046875,"z":537.2718505859375},"rotation":{"x":-0.23832589387893678,"y":-0.40582549571990969,"z":0.11049719154834748,"w":-0.8754101991653442},"size":5.6660261154174809,"orthographic":false}